"video href","thumbnail-play-icon href","tablescraper-selected-row","tablescraper-selected-row href","tablescraper-selected-row 2","tablescraper-selected-row 3","tablescraper-selected-row 4","external","external href","lazyload src","video href 2","lazyload src 2","thumbnail-play-icon href 2"
"https://skibidi-toilet.fandom.com/wiki/File:Skibidi_toilet","[object Object]","skibidi toilet","https://skibidi-toilet.fandom.com/wiki/Skibidi_toilet","0:12","N/A","Feb 07 2023 19:08","tzD9OxAHtzU","https://www.youtube.com/shorts/tzD9OxAHtzU","","","",""
"https://skibidi-toilet.fandom.com/wiki/File:Skibidi_toilet_2","[object Object]","skibidi toilet 2","https://skibidi-toilet.fandom.com/wiki/Skibidi_toilet_2","0:15","Feb 17 2023 20:26","","AnoTVNqLJ-Q","https://www.youtube.com/shorts/AnoTVNqLJ-Q","","","",""
"https://skibidi-toilet.fandom.com/wiki/File:Skibidi_toilet_3","[object Object]","skibidi toilet 3","https://skibidi-toilet.fandom.com/wiki/Skibidi_toilet_3","0:15","Feb 25 2023 20:04","","brGo1JgwtrM","https://www.youtube.com/shorts/brGo1JgwtrM","","","",""
"https://skibidi-toilet.fandom.com/wiki/File:Skibidi_toilet_4","[object Object]","skibidi toilet 4","https://skibidi-toilet.fandom.com/wiki/Skibidi_toilet_4","0:20","Mar 11 2023 23:20","","UvFroPxa67s","https://www.youtube.com/shorts/UvFroPxa67s","","","",""
"https://skibidi-toilet.fandom.com/wiki/File:Skibidi_toilet_-_season_2_(all_episodes)","[object Object]","SEASON 2","https://skibidi-toilet.fandom.com/wiki/Season_2","","","","","","","","",""
"https://skibidi-toilet.fandom.com/wiki/File:Skibidi_toilet_5","[object Object]","skibidi toilet 5","https://skibidi-toilet.fandom.com/wiki/Skibidi_toilet_5","0:17","N/A","Mar 18 2023 23:15","9S8yAqINOYs","https://www.youtube.com/shorts/9S8yAqINOYs","","","",""
"https://skibidi-toilet.fandom.com/wiki/File:Skibidi_toilet_6","[object Object]","Skibidi toilet 6","https://skibidi-toilet.fandom.com/wiki/Skibidi_toilet_6","0:13","Mar 31 2023 01:30","","iQWY6j4aGc8","https://www.youtube.com/shorts/iQWY6j4aGc8","","","",""
"https://skibidi-toilet.fandom.com/wiki/File:Skibidi_toilet_7","[object Object]","skibidi toilet 7","https://skibidi-toilet.fandom.com/wiki/Skibidi_toilet_7","0:27","Apr 13 2023 07:24","","wVNMVGY56Os","https://www.youtube.com/shorts/wVNMVGY56Os","","","",""
"https://skibidi-toilet.fandom.com/wiki/File:Skibidi_toilet_8","[object Object]","skibidi toilet 8","https://skibidi-toilet.fandom.com/wiki/Skibidi_toilet_8","0:13","Apr 18 2023 06:00","","ImL2oQ_FxfU","https://www.youtube.com/shorts/ImL2oQ_FxfU","","","",""
"https://skibidi-toilet.fandom.com/wiki/File:Skibidi_toilet_-_season_3_(all_episodes)","[object Object]","SEASON 3","https://skibidi-toilet.fandom.com/wiki/Season_3","","","","","","data:image/gif;base64,R0lGODlhAQABAIABAAAAAP///yH5BAEAAAEALAAAAAABAAEAQAICTAEAOw%3D%3D","","",""
"https://skibidi-toilet.fandom.com/wiki/File:Skibidi_toilet_9","[object Object]","skibidi toilet 9","https://skibidi-toilet.fandom.com/wiki/Skibidi_toilet_9","0:25","N/A","Apr 25 2023 08:15","U_lrep5F8gE","https://www.youtube.com/shorts/U_lrep5F8gE","data:image/gif;base64,R0lGODlhAQABAIABAAAAAP///yH5BAEAAAEALAAAAAABAAEAQAICTAEAOw%3D%3D","","",""
"https://skibidi-toilet.fandom.com/wiki/File:Skibidi_toilet_10","[object Object]","skibidi toilet 10","https://skibidi-toilet.fandom.com/wiki/Skibidi_toilet_10","0:28","Apr 28 2023 05:00","","OHj0icF52tQ","https://www.youtube.com/shorts/OHj0icF52tQ","data:image/gif;base64,R0lGODlhAQABAIABAAAAAP///yH5BAEAAAEALAAAAAABAAEAQAICTAEAOw%3D%3D","","",""
"https://skibidi-toilet.fandom.com/wiki/File:Skibidi_toilet_11","[object Object]","skibidi toilet 11","https://skibidi-toilet.fandom.com/wiki/Skibidi_toilet_11","0:16","Apr 29 2023 10:05","","BZkiIPSoLZU","https://www.youtube.com/shorts/BZkiIPSoLZU","data:image/gif;base64,R0lGODlhAQABAIABAAAAAP///yH5BAEAAAEALAAAAAABAAEAQAICTAEAOw%3D%3D","","",""
"https://skibidi-toilet.fandom.com/wiki/File:Skibidi_toilet_-_season_4_(all_episodes)","[object Object]","SEASON 4","https://skibidi-toilet.fandom.com/wiki/Season_4","","","","","","data:image/gif;base64,R0lGODlhAQABAIABAAAAAP///yH5BAEAAAEALAAAAAABAAEAQAICTAEAOw%3D%3D","","",""
"https://skibidi-toilet.fandom.com/wiki/File:Skibidi_toilet_12","[object Object]","skibidi toilet 12","https://skibidi-toilet.fandom.com/wiki/Skibidi_toilet_12","0:15","N/A","May 1, 2023 08:00","FvwI98sbSZY","https://www.youtube.com/shorts/FvwI98sbSZY","data:image/gif;base64,R0lGODlhAQABAIABAAAAAP///yH5BAEAAAEALAAAAAABAAEAQAICTAEAOw%3D%3D","","",""
"https://skibidi-toilet.fandom.com/wiki/File:Skibidi_toilet_13","[object Object]","skibidi toilet 13","https://skibidi-toilet.fandom.com/wiki/Skibidi_toilet_13","0:21","May 2, 2023 08:00","","O5rYYx1iuvM","https://www.youtube.com/shorts/O5rYYx1iuvM","data:image/gif;base64,R0lGODlhAQABAIABAAAAAP///yH5BAEAAAEALAAAAAABAAEAQAICTAEAOw%3D%3D","","",""
"https://skibidi-toilet.fandom.com/wiki/File:Skibidi_toilet_14","[object Object]","skibidi toilet 14","https://skibidi-toilet.fandom.com/wiki/Skibidi_toilet_14","0:16","May 3, 2023 09:40","","PjW1-4MWBUE","https://www.youtube.com/shorts/PjW1-4MWBUE","data:image/gif;base64,R0lGODlhAQABAIABAAAAAP///yH5BAEAAAEALAAAAAABAAEAQAICTAEAOw%3D%3D","","",""
"https://skibidi-toilet.fandom.com/wiki/File:Skibidi_toilet_-_season_5_(all_episodes)","[object Object]","SEASON 5","https://skibidi-toilet.fandom.com/wiki/Season_5","","","","","","data:image/gif;base64,R0lGODlhAQABAIABAAAAAP///yH5BAEAAAEALAAAAAABAAEAQAICTAEAOw%3D%3D","","",""
"https://skibidi-toilet.fandom.com/wiki/File:Skibidi_toilet_15","[object Object]","skibidi toilet 15","https://skibidi-toilet.fandom.com/wiki/Skibidi_toilet_15","0:18","N/A","May 5, 2023 08:00","7UBsDEg9wLY","https://www.youtube.com/shorts/7UBsDEg9wLY","data:image/gif;base64,R0lGODlhAQABAIABAAAAAP///yH5BAEAAAEALAAAAAABAAEAQAICTAEAOw%3D%3D","","",""
"https://skibidi-toilet.fandom.com/wiki/File:Skibidi_toilet_16","[object Object]","skibidi toilet 16","https://skibidi-toilet.fandom.com/wiki/Skibidi_toilet_16","0:18","May 6, 2023 08:00","","Yd0qsSLqmpI","https://www.youtube.com/shorts/Yd0qsSLqmpI","data:image/gif;base64,R0lGODlhAQABAIABAAAAAP///yH5BAEAAAEALAAAAAABAAEAQAICTAEAOw%3D%3D","","",""
"https://skibidi-toilet.fandom.com/wiki/File:Skibidi_toilet_17","[object Object]","skibidi toilet 17","https://skibidi-toilet.fandom.com/wiki/Skibidi_toilet_17","0:26","May 7, 2023 08:00","","jCHDHuO5Pq8","https://www.youtube.com/shorts/jCHDHuO5Pq8","data:image/gif;base64,R0lGODlhAQABAIABAAAAAP///yH5BAEAAAEALAAAAAABAAEAQAICTAEAOw%3D%3D","","",""
"https://skibidi-toilet.fandom.com/wiki/File:Skibidi_toilet_-_season_6_(all_episodes)","[object Object]","SEASON 6","https://skibidi-toilet.fandom.com/wiki/Season_6","","","","","","data:image/gif;base64,R0lGODlhAQABAIABAAAAAP///yH5BAEAAAEALAAAAAABAAEAQAICTAEAOw%3D%3D","","",""
"https://skibidi-toilet.fandom.com/wiki/File:Skibidi_toilet_18","[object Object]","skibidi toilet 18","https://skibidi-toilet.fandom.com/wiki/Skibidi_toilet_18","0:26","N/A","May 9, 2023 08:00","KUhpj5dQack","https://www.youtube.com/shorts/KUhpj5dQack","data:image/gif;base64,R0lGODlhAQABAIABAAAAAP///yH5BAEAAAEALAAAAAABAAEAQAICTAEAOw%3D%3D","","",""
"https://skibidi-toilet.fandom.com/wiki/File:Skibidi_toilet_19","[object Object]","skibidi toilet 19","https://skibidi-toilet.fandom.com/wiki/Skibidi_toilet_19","0:21","May 10, 2023 08:00","","HCkpPXrZ7x4","https://www.youtube.com/shorts/HCkpPXrZ7x4","data:image/gif;base64,R0lGODlhAQABAIABAAAAAP///yH5BAEAAAEALAAAAAABAAEAQAICTAEAOw%3D%3D","","",""
"https://skibidi-toilet.fandom.com/wiki/File:Skibidi_toilet_20","[object Object]","skibidi toilet 20","https://skibidi-toilet.fandom.com/wiki/Skibidi_toilet_20","0:22","May 11, 2023 08:05","","OL9K-3L_7D0","https://www.youtube.com/shorts/OL9K-3L_7D0","data:image/gif;base64,R0lGODlhAQABAIABAAAAAP///yH5BAEAAAEALAAAAAABAAEAQAICTAEAOw%3D%3D","","",""
"https://skibidi-toilet.fandom.com/wiki/File:Skibidi_toilet_-_season_7_(all_episodes)","[object Object]","SEASON 7","https://skibidi-toilet.fandom.com/wiki/Season_7","","","","","","data:image/gif;base64,R0lGODlhAQABAIABAAAAAP///yH5BAEAAAEALAAAAAABAAEAQAICTAEAOw%3D%3D","","",""
"https://skibidi-toilet.fandom.com/wiki/File:Skibidi_toilet_21","[object Object]","skibidi toilet 21","https://skibidi-toilet.fandom.com/wiki/Skibidi_toilet_21","0:25","N/A","May 13, 2023 08:04","8HnRi6VOKCc","https://www.youtube.com/shorts/8HnRi6VOKCc","data:image/gif;base64,R0lGODlhAQABAIABAAAAAP///yH5BAEAAAEALAAAAAABAAEAQAICTAEAOw%3D%3D","","",""
"https://skibidi-toilet.fandom.com/wiki/File:Skibidi_toilet_22","[object Object]","skibidi toilet 22","https://skibidi-toilet.fandom.com/wiki/Skibidi_toilet_22","0:21","May 14, 2023 08:00","","PEPnf8riCck","https://www.youtube.com/shorts/PEPnf8riCck","data:image/gif;base64,R0lGODlhAQABAIABAAAAAP///yH5BAEAAAEALAAAAAABAAEAQAICTAEAOw%3D%3D","","",""
"https://skibidi-toilet.fandom.com/wiki/File:Skibidi_toilet_23","[object Object]","skibidi toilet 23","https://skibidi-toilet.fandom.com/wiki/Skibidi_toilet_23","0:25","May 15, 2023 11:40","","ss7PwhXgwbA","https://www.youtube.com/shorts/ss7PwhXgwbA","data:image/gif;base64,R0lGODlhAQABAIABAAAAAP///yH5BAEAAAEALAAAAAABAAEAQAICTAEAOw%3D%3D","","",""
"https://skibidi-toilet.fandom.com/wiki/File:Skibidi_toilet_-_season_8_(all_episodes)","[object Object]","SEASON 8","https://skibidi-toilet.fandom.com/wiki/Season_8","","","","","","data:image/gif;base64,R0lGODlhAQABAIABAAAAAP///yH5BAEAAAEALAAAAAABAAEAQAICTAEAOw%3D%3D","","",""
"https://skibidi-toilet.fandom.com/wiki/File:Skibidi_toilet_24","[object Object]","skibidi toilet 24","https://skibidi-toilet.fandom.com/wiki/Skibidi_toilet_24","0:24","N/A","May 17, 2023 08:40","d9z9J4Wz6Ns","https://www.youtube.com/shorts/d9z9J4Wz6Ns","data:image/gif;base64,R0lGODlhAQABAIABAAAAAP///yH5BAEAAAEALAAAAAABAAEAQAICTAEAOw%3D%3D","","",""
"https://skibidi-toilet.fandom.com/wiki/File:Skibidi_toilet_25","[object Object]","skibidi toilet 25","https://skibidi-toilet.fandom.com/wiki/Skibidi_toilet_25","0:19","May 18, 2023 10:10","","8GxDwN5Ssyk","https://www.youtube.com/shorts/8GxDwN5Ssyk","data:image/gif;base64,R0lGODlhAQABAIABAAAAAP///yH5BAEAAAEALAAAAAABAAEAQAICTAEAOw%3D%3D","","",""
"https://skibidi-toilet.fandom.com/wiki/File:Skibidi_toilet_26","[object Object]","skibidi toilet 26","https://skibidi-toilet.fandom.com/wiki/Skibidi_toilet_26","0:46","May 19, 2023 17:40","","RzBLcKXIlDk","https://www.youtube.com/shorts/RzBLcKXIlDk","data:image/gif;base64,R0lGODlhAQABAIABAAAAAP///yH5BAEAAAEALAAAAAABAAEAQAICTAEAOw%3D%3D","","",""
"https://skibidi-toilet.fandom.com/wiki/File:Skibidi_toilet_-_season_9_(all_episodes)","[object Object]","SEASON 9","https://skibidi-toilet.fandom.com/wiki/Season_9","","","","","","data:image/gif;base64,R0lGODlhAQABAIABAAAAAP///yH5BAEAAAEALAAAAAABAAEAQAICTAEAOw%3D%3D","","",""
"https://skibidi-toilet.fandom.com/wiki/File:Skibidi_toilet_27","[object Object]","skibidi toilet 27","https://skibidi-toilet.fandom.com/wiki/Skibidi_toilet_27","0:21","N/A","May 21, 2023 08:00","iBm_NSjPwCc","https://www.youtube.com/shorts/iBm_NSjPwCc","data:image/gif;base64,R0lGODlhAQABAIABAAAAAP///yH5BAEAAAEALAAAAAABAAEAQAICTAEAOw%3D%3D","","",""
"https://skibidi-toilet.fandom.com/wiki/File:Skibidi_toilet_28","[object Object]","skibidi toilet 28","https://skibidi-toilet.fandom.com/wiki/Skibidi_toilet_28","0:30","May 22, 2023 10:00","","1cNY9vus2MI","https://www.youtube.com/shorts/1cNY9vus2MI","data:image/gif;base64,R0lGODlhAQABAIABAAAAAP///yH5BAEAAAEALAAAAAABAAEAQAICTAEAOw%3D%3D","","",""
"https://skibidi-toilet.fandom.com/wiki/File:Skibidi_toilet_29","[object Object]","skibidi toilet 29","https://skibidi-toilet.fandom.com/wiki/Skibidi_toilet_29","0:32","May 23, 2023 18:57","","OKgN-spo_l8","https://www.youtube.com/shorts/OKgN-spo_l8","data:image/gif;base64,R0lGODlhAQABAIABAAAAAP///yH5BAEAAAEALAAAAAABAAEAQAICTAEAOw%3D%3D","","",""
"https://skibidi-toilet.fandom.com/wiki/File:Skibidi_toilet_-_season_10_(all_episodes)","[object Object]","SEASON 10","https://skibidi-toilet.fandom.com/wiki/Season_10","","","","","","data:image/gif;base64,R0lGODlhAQABAIABAAAAAP///yH5BAEAAAEALAAAAAABAAEAQAICTAEAOw%3D%3D","","",""
"https://skibidi-toilet.fandom.com/wiki/File:Skibidi_toilet_30","[object Object]","skibidi toilet 30","https://skibidi-toilet.fandom.com/wiki/Skibidi_toilet_30","0:24","N/A","May 25, 2023 10:31","sWGxTqLpngo","https://www.youtube.com/shorts/sWGxTqLpngo","data:image/gif;base64,R0lGODlhAQABAIABAAAAAP///yH5BAEAAAEALAAAAAABAAEAQAICTAEAOw%3D%3D","","",""
"https://skibidi-toilet.fandom.com/wiki/File:Skibidi_toilet_31","[object Object]","skibidi toilet 31","https://skibidi-toilet.fandom.com/wiki/Skibidi_toilet_31","0:19","May 27, 2023 12:52","","AXihAMb_cv8","https://www.youtube.com/shorts/AXihAMb_cv8","data:image/gif;base64,R0lGODlhAQABAIABAAAAAP///yH5BAEAAAEALAAAAAABAAEAQAICTAEAOw%3D%3D","","",""
"https://skibidi-toilet.fandom.com/wiki/File:Skibidi_toilet_32","[object Object]","skibidi toilet 32","https://skibidi-toilet.fandom.com/wiki/Skibidi_toilet_32","0:52","May 30, 2023 10:50","","z8_jQD4F1aE","https://www.youtube.com/shorts/z8_jQD4F1aE","data:image/gif;base64,R0lGODlhAQABAIABAAAAAP///yH5BAEAAAEALAAAAAABAAEAQAICTAEAOw%3D%3D","","",""
"https://skibidi-toilet.fandom.com/wiki/File:Skibidi_toilet_-_season_11_(all_episodes)","[object Object]","SEASON 11","https://skibidi-toilet.fandom.com/wiki/Season_11","","","","","","data:image/gif;base64,R0lGODlhAQABAIABAAAAAP///yH5BAEAAAEALAAAAAABAAEAQAICTAEAOw%3D%3D","","",""
"https://skibidi-toilet.fandom.com/wiki/File:Skibidi_toilet_33","[object Object]","skibidi toilet 33","https://skibidi-toilet.fandom.com/wiki/Skibidi_toilet_33","0:26","N/A","Jun 01 2023 19:30","7HwU6Lb92u0","https://www.youtube.com/shorts/7HwU6Lb92u0","data:image/gif;base64,R0lGODlhAQABAIABAAAAAP///yH5BAEAAAEALAAAAAABAAEAQAICTAEAOw%3D%3D","","",""
"https://skibidi-toilet.fandom.com/wiki/File:Skibidi_toilet_34","[object Object]","skibidi toilet 34","https://skibidi-toilet.fandom.com/wiki/Skibidi_toilet_34","0:23","Jun 03 2023 13:22","","qf5_oMc924w","https://www.youtube.com/shorts/qf5_oMc924w","data:image/gif;base64,R0lGODlhAQABAIABAAAAAP///yH5BAEAAAEALAAAAAABAAEAQAICTAEAOw%3D%3D","","",""
"https://skibidi-toilet.fandom.com/wiki/File:Skibidi_toilet_35","[object Object]","skibidi toilet 35","https://skibidi-toilet.fandom.com/wiki/Skibidi_toilet_35","0:38","Jun 05 2023 14:32","","57y7DjoanPI","https://www.youtube.com/shorts/57y7DjoanPI","data:image/gif;base64,R0lGODlhAQABAIABAAAAAP///yH5BAEAAAEALAAAAAABAAEAQAICTAEAOw%3D%3D","","",""
"https://skibidi-toilet.fandom.com/wiki/File:Skibidi_toilet_-_season_12_(all_episodes)","[object Object]","SEASON 12","https://skibidi-toilet.fandom.com/wiki/Season_12","","","","","","data:image/gif;base64,R0lGODlhAQABAIABAAAAAP///yH5BAEAAAEALAAAAAABAAEAQAICTAEAOw%3D%3D","","",""
"https://skibidi-toilet.fandom.com/wiki/File:Skibidi_toilet_36","[object Object]","skibidi toilet 36","https://skibidi-toilet.fandom.com/wiki/Skibidi_toilet_36","0:25","N/A","Jun 08 2023 15:24","jloLwET97nE","https://www.youtube.com/shorts/jloLwET97nE","data:image/gif;base64,R0lGODlhAQABAIABAAAAAP///yH5BAEAAAEALAAAAAABAAEAQAICTAEAOw%3D%3D","","",""
"https://skibidi-toilet.fandom.com/wiki/File:Skibidi_toilet_37","[object Object]","skibidi toilet 37","https://skibidi-toilet.fandom.com/wiki/Skibidi_toilet_37","0:24","Jun 10 2023 17:25","","rIB3khGCA2M","https://www.youtube.com/shorts/rIB3khGCA2M","data:image/gif;base64,R0lGODlhAQABAIABAAAAAP///yH5BAEAAAEALAAAAAABAAEAQAICTAEAOw%3D%3D","","",""
"https://skibidi-toilet.fandom.com/wiki/File:Skibidi_toilet_38","[object Object]","skibidi toilet 38","https://skibidi-toilet.fandom.com/wiki/Skibidi_toilet_38","0:20","Jun 12 2023 11:12","","-Wkva1SGLOE","https://www.youtube.com/shorts/-Wkva1SGLOE","data:image/gif;base64,R0lGODlhAQABAIABAAAAAP///yH5BAEAAAEALAAAAAABAAEAQAICTAEAOw%3D%3D","","",""
"https://skibidi-toilet.fandom.com/wiki/File:Skibidi_toilet_-_season_13_(all_episodes)","[object Object]","SEASON 13","https://skibidi-toilet.fandom.com/wiki/Season_13","","","","","","data:image/gif;base64,R0lGODlhAQABAIABAAAAAP///yH5BAEAAAEALAAAAAABAAEAQAICTAEAOw%3D%3D","","",""
"https://skibidi-toilet.fandom.com/wiki/File:Skibidi_toilet_39_(shorts)","[object Object]","skibidi toilet 39","https://skibidi-toilet.fandom.com/wiki/Skibidi_toilet_39","Jun 16 2023 00:00 / Jun 15 2023 16:41","0:37","0:41","UmKDiAEljhw","https://www.youtube.com/shorts/UmKDiAEljhw","data:image/gif;base64,R0lGODlhAQABAIABAAAAAP///yH5BAEAAAEALAAAAAABAAEAQAICTAEAOw%3D%3D","https://skibidi-toilet.fandom.com/wiki/File:Skibidi_toilet_39","data:image/gif;base64,R0lGODlhAQABAIABAAAAAP///yH5BAEAAAEALAAAAAABAAEAQAICTAEAOw%3D%3D","[object Object]"
"https://skibidi-toilet.fandom.com/wiki/File:Skibidi_toilet_40_(shorts)","[object Object]","skibidi toilet 40","https://skibidi-toilet.fandom.com/wiki/Skibidi_toilet_40","Jun 18 2023 11:20 / Jun 17 2023 19:01","0:30","0:35","arVkrfzFxVk","https://youtu.be/shorts/arVkrfzFxVk","data:image/gif;base64,R0lGODlhAQABAIABAAAAAP///yH5BAEAAAEALAAAAAABAAEAQAICTAEAOw%3D%3D","https://skibidi-toilet.fandom.com/wiki/File:Skibidi_toilet_40","data:image/gif;base64,R0lGODlhAQABAIABAAAAAP///yH5BAEAAAEALAAAAAABAAEAQAICTAEAOw%3D%3D","[object Object]"
"https://skibidi-toilet.fandom.com/wiki/File:Skibidi_toilet_41_(shorts)","[object Object]","skibidi toilet 41","https://skibidi-toilet.fandom.com/wiki/Skibidi_toilet_41","Jun 21 2023 19:28 / Jun 20 2023 18:15","0:52","0:55","e71-_rF8Fe8","https://www.youtube.com/shorts/e71-_rF8Fe8","data:image/gif;base64,R0lGODlhAQABAIABAAAAAP///yH5BAEAAAEALAAAAAABAAEAQAICTAEAOw%3D%3D","https://skibidi-toilet.fandom.com/wiki/File:Skibidi_toilet_41","data:image/gif;base64,R0lGODlhAQABAIABAAAAAP///yH5BAEAAAEALAAAAAABAAEAQAICTAEAOw%3D%3D","[object Object]"
"https://skibidi-toilet.fandom.com/wiki/File:Skibidi_toilet_-_season_14_(all_episodes)","[object Object]","SEASON 14","https://skibidi-toilet.fandom.com/wiki/Season_14","","","","","","data:image/gif;base64,R0lGODlhAQABAIABAAAAAP///yH5BAEAAAEALAAAAAABAAEAQAICTAEAOw%3D%3D","","",""
"https://skibidi-toilet.fandom.com/wiki/File:Skibidi_toilet_42_(shorts)","[object Object]","skibidi toilet 42","https://skibidi-toilet.fandom.com/wiki/Skibidi_toilet_42","Jun 24 2023 13:00 / Jun 24 2023 05:00","0:27","0:32","lHmgfkKkZJo","https://www.youtube.com/shorts/lHmgfkKkZJo","data:image/gif;base64,R0lGODlhAQABAIABAAAAAP///yH5BAEAAAEALAAAAAABAAEAQAICTAEAOw%3D%3D","https://skibidi-toilet.fandom.com/wiki/File:Skibidi_toilet_42","data:image/gif;base64,R0lGODlhAQABAIABAAAAAP///yH5BAEAAAEALAAAAAABAAEAQAICTAEAOw%3D%3D","[object Object]"
"https://skibidi-toilet.fandom.com/wiki/File:Skibidi_toilet_43_(shorts)","[object Object]","skibidi toilet 43","https://skibidi-toilet.fandom.com/wiki/Skibidi_toilet_43","Jun 26 2023 14:40 / Jun 26 2023 06:00","0:26","0:32","EZogwABfDPk","https://www.youtube.com/shorts/EZogwABfDPk","data:image/gif;base64,R0lGODlhAQABAIABAAAAAP///yH5BAEAAAEALAAAAAABAAEAQAICTAEAOw%3D%3D","https://skibidi-toilet.fandom.com/wiki/File:Skibidi_toilet_43","data:image/gif;base64,R0lGODlhAQABAIABAAAAAP///yH5BAEAAAEALAAAAAABAAEAQAICTAEAOw%3D%3D","[object Object]"
"https://skibidi-toilet.fandom.com/wiki/File:Skibidi_toilet_44_(shorts)","[object Object]","skibidi toilet 44","https://skibidi-toilet.fandom.com/wiki/Skibidi_toilet_44","Jun 29 2023 08:00 / Jun 28 2023 19:15","0:59","1:05","-xcPl_U-QkcI","https://www.youtube.com/shorts/xcPl_U-QkcI","data:image/gif;base64,R0lGODlhAQABAIABAAAAAP///yH5BAEAAAEALAAAAAABAAEAQAICTAEAOw%3D%3D","https://skibidi-toilet.fandom.com/wiki/File:Skibidi_toilet_44","data:image/gif;base64,R0lGODlhAQABAIABAAAAAP///yH5BAEAAAEALAAAAAABAAEAQAICTAEAOw%3D%3D","[object Object]"
"https://skibidi-toilet.fandom.com/wiki/File:Skibidi_toilet_-_season_15_(all_episodes)","[object Object]","SEASON 15","https://skibidi-toilet.fandom.com/wiki/Season_15","","","","","","data:image/gif;base64,R0lGODlhAQABAIABAAAAAP///yH5BAEAAAEALAAAAAABAAEAQAICTAEAOw%3D%3D","","",""
"https://skibidi-toilet.fandom.com/wiki/File:Skibidi_toilet_45_(shorts)","[object Object]","skibidi toilet 45","https://skibidi-toilet.fandom.com/wiki/Skibidi_toilet_45","Jul 03 2023 06:00 / Jul 02 2023 06:20","0:37","0:42","9OAPx-keQxE","https://www.youtube.com/shorts/9OAPx-keQxE","data:image/gif;base64,R0lGODlhAQABAIABAAAAAP///yH5BAEAAAEALAAAAAABAAEAQAICTAEAOw%3D%3D","https://skibidi-toilet.fandom.com/wiki/File:Skibidi_toilet_45","data:image/gif;base64,R0lGODlhAQABAIABAAAAAP///yH5BAEAAAEALAAAAAABAAEAQAICTAEAOw%3D%3D","[object Object]"
"https://skibidi-toilet.fandom.com/wiki/File:Skibidi_toilet_46_(shorts)","[object Object]","skibidi toilet 46","https://skibidi-toilet.fandom.com/wiki/Skibidi_toilet_46","Jul 05 2023 10:20 / Jul 04 08:50","0:41","0:46","yS1Cr1fuFgU","https://www.youtube.com/shorts/yS1Cr1fuFgU","data:image/gif;base64,R0lGODlhAQABAIABAAAAAP///yH5BAEAAAEALAAAAAABAAEAQAICTAEAOw%3D%3D","https://skibidi-toilet.fandom.com/wiki/File:Skibidi_toilet_46","data:image/gif;base64,R0lGODlhAQABAIABAAAAAP///yH5BAEAAAEALAAAAAABAAEAQAICTAEAOw%3D%3D","[object Object]"
"https://skibidi-toilet.fandom.com/wiki/File:Skibidi_toilet_47_(shorts)","[object Object]","skibidi toilet 47","https://skibidi-toilet.fandom.com/wiki/Skibidi_toilet_47","Jul 09 2023 00:40 / Jul 08 2023 08:15","1:00","1:09","zfSKVhUFv4A","https://www.youtube.com/shorts/zfSKVhUFv4A","data:image/gif;base64,R0lGODlhAQABAIABAAAAAP///yH5BAEAAAEALAAAAAABAAEAQAICTAEAOw%3D%3D","https://skibidi-toilet.fandom.com/wiki/File:Skibidi_toilet_47","data:image/gif;base64,R0lGODlhAQABAIABAAAAAP///yH5BAEAAAEALAAAAAABAAEAQAICTAEAOw%3D%3D","[object Object]"
"https://skibidi-toilet.fandom.com/wiki/File:Skibidi_toilet_-_season_16_(all_episodes)","[object Object]","SEASON 16","https://skibidi-toilet.fandom.com/wiki/Season_16","","","","","","data:image/gif;base64,R0lGODlhAQABAIABAAAAAP///yH5BAEAAAEALAAAAAABAAEAQAICTAEAOw%3D%3D","","",""
"https://skibidi-toilet.fandom.com/wiki/File:Skibidi_toilet_48_(shorts)","[object Object]","skibidi toilet 48","https://skibidi-toilet.fandom.com/wiki/Skibidi_toilet_48","Jul 13 2023 07:51 / Jul 12 2023 05:20","0:28","0:34","xJg8zhXCjY","https://www.youtube.com/watch?v=bxJg8zhXCjY","data:image/gif;base64,R0lGODlhAQABAIABAAAAAP///yH5BAEAAAEALAAAAAABAAEAQAICTAEAOw%3D%3D","https://skibidi-toilet.fandom.com/wiki/File:Skibidi_toilet_48","data:image/gif;base64,R0lGODlhAQABAIABAAAAAP///yH5BAEAAAEALAAAAAABAAEAQAICTAEAOw%3D%3D","[object Object]"
"https://skibidi-toilet.fandom.com/wiki/File:Skibidi_toilet_49_(shorts)","[object Object]","skibidi toilet 49","https://skibidi-toilet.fandom.com/wiki/Skibidi_toilet_49","Jul 15 2023 13:00 / Jul 15 2023 05:30","1:00","1:16","z4joadXXNZA","https://www.youtube.com/watch?v=z4joadXXNZA","data:image/gif;base64,R0lGODlhAQABAIABAAAAAP///yH5BAEAAAEALAAAAAABAAEAQAICTAEAOw%3D%3D","https://skibidi-toilet.fandom.com/wiki/File:Skibidi_toilet_49","data:image/gif;base64,R0lGODlhAQABAIABAAAAAP///yH5BAEAAAEALAAAAAABAAEAQAICTAEAOw%3D%3D","[object Object]"
"https://skibidi-toilet.fandom.com/wiki/File:Skibidi_toilet_50_(shorts)","[object Object]","skibidi toilet 50","https://skibidi-toilet.fandom.com/wiki/Skibidi_toilet_50","Jul 20 2023 01:02 / Jul 19 2023 08:10","1:00","1:28","WkHrFn4Fx6Q","https://www.youtube.com/watch?v=WkHrFn4Fx6Q","data:image/gif;base64,R0lGODlhAQABAIABAAAAAP///yH5BAEAAAEALAAAAAABAAEAQAICTAEAOw%3D%3D","https://skibidi-toilet.fandom.com/wiki/File:Skibidi_toilet_50","data:image/gif;base64,R0lGODlhAQABAIABAAAAAP///yH5BAEAAAEALAAAAAABAAEAQAICTAEAOw%3D%3D","[object Object]"
"https://skibidi-toilet.fandom.com/wiki/File:Skibidi_toilet_-_season_17_(all_episodes)","[object Object]","SEASON 17","https://skibidi-toilet.fandom.com/wiki/Season_17","","","","","","data:image/gif;base64,R0lGODlhAQABAIABAAAAAP///yH5BAEAAAEALAAAAAABAAEAQAICTAEAOw%3D%3D","","",""
"https://skibidi-toilet.fandom.com/wiki/File:Skibidi_toilet_51_(shorts)","[object Object]","skibidi toilet 51","https://skibidi-toilet.fandom.com/wiki/Skibidi_toilet_51","Jul 23 2023  / Jul 22 2023 20:26","0:47","1:02","tDpdOQfWPBQ","https://www.youtube.com/watch?v=tDpdOQfWPBQ","data:image/gif;base64,R0lGODlhAQABAIABAAAAAP///yH5BAEAAAEALAAAAAABAAEAQAICTAEAOw%3D%3D","https://skibidi-toilet.fandom.com/wiki/File:Skibidi_toilet_51","data:image/gif;base64,R0lGODlhAQABAIABAAAAAP///yH5BAEAAAEALAAAAAABAAEAQAICTAEAOw%3D%3D","[object Object]"
"https://skibidi-toilet.fandom.com/wiki/File:Skibidi_toilet_52_(shorts)","[object Object]","skibidi toilet 52","https://skibidi-toilet.fandom.com/wiki/Skibidi_toilet_52","Jul 26 2023 07:00 / Jul 25 2023 07:05","0:52","0:56","gSLGgTcvzsE","https://www.youtube.com/watch?v=gSLGgTcvzsE","data:image/gif;base64,R0lGODlhAQABAIABAAAAAP///yH5BAEAAAEALAAAAAABAAEAQAICTAEAOw%3D%3D","https://skibidi-toilet.fandom.com/wiki/File:Skibidi_toilet_52","data:image/gif;base64,R0lGODlhAQABAIABAAAAAP///yH5BAEAAAEALAAAAAABAAEAQAICTAEAOw%3D%3D","[object Object]"
"https://skibidi-toilet.fandom.com/wiki/File:Skibidi_toilet_53_(shorts)","[object Object]","skibidi toilet 53","https://skibidi-toilet.fandom.com/wiki/Skibidi_toilet_53","Jul 29 2023 12:01 / Jul 29 2023 05:30","0:45","0:51","CfpRuNaduEs","https://www.youtube.com/watch?v=CfpRuNaduEs","data:image/gif;base64,R0lGODlhAQABAIABAAAAAP///yH5BAEAAAEALAAAAAABAAEAQAICTAEAOw%3D%3D","https://skibidi-toilet.fandom.com/wiki/File:Skibidi_toilet_53","data:image/gif;base64,R0lGODlhAQABAIABAAAAAP///yH5BAEAAAEALAAAAAABAAEAQAICTAEAOw%3D%3D","[object Object]"
"https://skibidi-toilet.fandom.com/wiki/File:Skibidi_toilet_-_season_18_(all_episodes)","[object Object]","SEASON 18","https://skibidi-toilet.fandom.com/wiki/Season_18","","","","","","data:image/gif;base64,R0lGODlhAQABAIABAAAAAP///yH5BAEAAAEALAAAAAABAAEAQAICTAEAOw%3D%3D","","",""
"https://skibidi-toilet.fandom.com/wiki/File:Skibidi_toilet_54_(shorts)","[object Object]","skibidi toilet 54","https://skibidi-toilet.fandom.com/wiki/Skibidi_toilet_54","Aug 01 2023 12:15 / Jul 31 2023 14:10","0:59","1:04","HhKzRsP1Wc0","https://www.youtube.com/watch?v=HhKzRsP1Wc0","data:image/gif;base64,R0lGODlhAQABAIABAAAAAP///yH5BAEAAAEALAAAAAABAAEAQAICTAEAOw%3D%3D","https://skibidi-toilet.fandom.com/wiki/File:Skibidi_toilet_54","data:image/gif;base64,R0lGODlhAQABAIABAAAAAP///yH5BAEAAAEALAAAAAABAAEAQAICTAEAOw%3D%3D","[object Object]"
"https://skibidi-toilet.fandom.com/wiki/File:Skibidi_toilet_55_(shorts)","[object Object]","skibidi toilet 55","https://skibidi-toilet.fandom.com/wiki/Skibidi_toilet_55","Aug 06 2023 06:08 / Aug 05 2023 08:25","0:59","1:11","zXk6GiWTxgc","https://www.youtube.com/watch?v=zXk6GiWTxgc","data:image/gif;base64,R0lGODlhAQABAIABAAAAAP///yH5BAEAAAEALAAAAAABAAEAQAICTAEAOw%3D%3D","https://skibidi-toilet.fandom.com/wiki/File:Skibidi_toilet_55","data:image/gif;base64,R0lGODlhAQABAIABAAAAAP///yH5BAEAAAEALAAAAAABAAEAQAICTAEAOw%3D%3D","[object Object]"
"https://skibidi-toilet.fandom.com/wiki/File:Skibidi_toilet_56_(shorts)","[object Object]","Skibidi toilet 56","https://skibidi-toilet.fandom.com/wiki/Skibidi_toilet_56","Aug 09 2023 14:39 / Aug 09 2023 06:45","0:54","0:59","Ll4DRoANaVA","https://www.youtube.com/watch?v=Ll4DRoANaVA","data:image/gif;base64,R0lGODlhAQABAIABAAAAAP///yH5BAEAAAEALAAAAAABAAEAQAICTAEAOw%3D%3D","https://skibidi-toilet.fandom.com/wiki/File:Skibidi_toilet_56","data:image/gif;base64,R0lGODlhAQABAIABAAAAAP///yH5BAEAAAEALAAAAAABAAEAQAICTAEAOw%3D%3D","[object Object]"
"https://skibidi-toilet.fandom.com/wiki/File:Skibidi_toilet_-_season_19_(all_episodes)","[object Object]","SEASON 19","https://skibidi-toilet.fandom.com/wiki/Season_19","","","","","","data:image/gif;base64,R0lGODlhAQABAIABAAAAAP///yH5BAEAAAEALAAAAAABAAEAQAICTAEAOw%3D%3D","","",""
"https://skibidi-toilet.fandom.com/wiki/File:Skibidi_toilet_57_(full_episode)","[object Object]","skibidi toilet 57","https://skibidi-toilet.fandom.com/wiki/Skibidi_toilet_57","No shorts / Aug 18 2023 13:01","N/A","2:43","c_pCHNGfcHk","https://www.youtube.com/watch?v=c_pCHNGfcHk","data:image/gif;base64,R0lGODlhAQABAIABAAAAAP///yH5BAEAAAEALAAAAAABAAEAQAICTAEAOw%3D%3D","","",""
"https://skibidi-toilet.fandom.com/wiki/File:Skibidi_toilet_57_(part_1)_(shorts)","[object Object]","(part 1)","https://skibidi-toilet.fandom.com/wiki/Skibidi_toilet_57#Part_1","Aug 14 2023 11:30 / Aug 13 2023 16:20","1:00","1:07","GKBAx1gH6ow","https://www.youtube.com/watch?v=GKBAx1gH6ow","data:image/gif;base64,R0lGODlhAQABAIABAAAAAP///yH5BAEAAAEALAAAAAABAAEAQAICTAEAOw%3D%3D","https://skibidi-toilet.fandom.com/wiki/File:Skibidi_toilet_57_(part_1)","data:image/gif;base64,R0lGODlhAQABAIABAAAAAP///yH5BAEAAAEALAAAAAABAAEAQAICTAEAOw%3D%3D","[object Object]"
"https://skibidi-toilet.fandom.com/wiki/File:Skibidi_toilet_57_(part_2)_(shorts)","[object Object]","(part 2)","https://skibidi-toilet.fandom.com/wiki/Skibidi_toilet_57#Part_2","Aug 19 2023 14:00 / Aug 18 2023 06:00","0:44","1:56","IdyoztNeHsI","https://www.youtube.com/watch?v=IdyoztNeHsI","data:image/gif;base64,R0lGODlhAQABAIABAAAAAP///yH5BAEAAAEALAAAAAABAAEAQAICTAEAOw%3D%3D","https://skibidi-toilet.fandom.com/wiki/File:Skibidi_toilet_57_(part_2)","data:image/gif;base64,R0lGODlhAQABAIABAAAAAP///yH5BAEAAAEALAAAAAABAAEAQAICTAEAOw%3D%3D","[object Object]"
"https://skibidi-toilet.fandom.com/wiki/File:Skibidi_toilet_57_(part_3)","[object Object]","0:56","","Aug 19 2023 21:00 / No fullscreen","","","9i1hg9HC-Cw","https://www.youtube.com/watch?v=9i1hg9HC-Cw","data:image/gif;base64,R0lGODlhAQABAIABAAAAAP///yH5BAEAAAEALAAAAAABAAEAQAICTAEAOw%3D%3D","","",""
"https://skibidi-toilet.fandom.com/wiki/File:Skibidi_toilet_58_(shorts)","[object Object]","skibidi toilet 58","https://skibidi-toilet.fandom.com/wiki/Skibidi_toilet_58","Aug 24 2023 13:39 / Aug 24 2023 20:30","1:00","1:07","qmvDrQoLz8g","https://www.youtube.com/watch?v=qmvDrQoLz8g","data:image/gif;base64,R0lGODlhAQABAIABAAAAAP///yH5BAEAAAEALAAAAAABAAEAQAICTAEAOw%3D%3D","https://skibidi-toilet.fandom.com/wiki/File:Skibidi_toilet_58","data:image/gif;base64,R0lGODlhAQABAIABAAAAAP///yH5BAEAAAEALAAAAAABAAEAQAICTAEAOw%3D%3D","[object Object]"
"https://skibidi-toilet.fandom.com/wiki/File:Skibidi_toilet_59_(shorts)","[object Object]","skibidi toilet 59","https://skibidi-toilet.fandom.com/wiki/Skibidi_toilet_59","Aug 28 2023 17:30 / Aug 28 2023 18:00","1:00","1:08","L9iUor7s2MM","https://www.youtube.com/watch?v=L9iUor7s2MM","data:image/gif;base64,R0lGODlhAQABAIABAAAAAP///yH5BAEAAAEALAAAAAABAAEAQAICTAEAOw%3D%3D","https://skibidi-toilet.fandom.com/wiki/File:Skibidi_toilet_59","data:image/gif;base64,R0lGODlhAQABAIABAAAAAP///yH5BAEAAAEALAAAAAABAAEAQAICTAEAOw%3D%3D","[object Object]"
"https://skibidi-toilet.fandom.com/wiki/File:Skibidi_toilet_-_season_20_(all_episodes)","[object Object]","SEASON 20","https://skibidi-toilet.fandom.com/wiki/Season_20","","","","","","data:image/gif;base64,R0lGODlhAQABAIABAAAAAP///yH5BAEAAAEALAAAAAABAAEAQAICTAEAOw%3D%3D","","",""
"https://skibidi-toilet.fandom.com/wiki/File:Skibidi_toilet_60_(shorts)","[object Object]","skibidi toilet 60","https://skibidi-toilet.fandom.com/wiki/Skibidi_toilet_60","Sep 03 2023 11:00 / Sep 03 2023 00:14","1:00","1:14","T-sJFwirHik","https://www.youtube.com/watch?v=T-sJFwirHik","data:image/gif;base64,R0lGODlhAQABAIABAAAAAP///yH5BAEAAAEALAAAAAABAAEAQAICTAEAOw%3D%3D","https://skibidi-toilet.fandom.com/wiki/File:Skibidi_toilet_60","data:image/gif;base64,R0lGODlhAQABAIABAAAAAP///yH5BAEAAAEALAAAAAABAAEAQAICTAEAOw%3D%3D","[object Object]"
"https://skibidi-toilet.fandom.com/wiki/File:Skibidi_toilet_61_(shorts)","[object Object]","skibidi toilet 61","https://skibidi-toilet.fandom.com/wiki/Skibidi_toilet_61","Sep 08 2023 15:02 / Sep 08 2023 01:23","0:58","1:04","RgmEZUTDXJk","https://www.youtube.com/watch?v=RgmEZUTDXJk","data:image/gif;base64,R0lGODlhAQABAIABAAAAAP///yH5BAEAAAEALAAAAAABAAEAQAICTAEAOw%3D%3D","https://skibidi-toilet.fandom.com/wiki/File:Skibidi_toilet_61","data:image/gif;base64,R0lGODlhAQABAIABAAAAAP///yH5BAEAAAEALAAAAAABAAEAQAICTAEAOw%3D%3D","[object Object]"
"https://skibidi-toilet.fandom.com/wiki/File:Skibidi_toilet_62_(shorts)","[object Object]","skibidi toilet 62","https://skibidi-toilet.fandom.com/wiki/Skibidi_toilet_62","Sep 14 2023 09:45 / Sep 13 2023 14:07","0:59","1:07","FyR3FfjS6s","https://www.youtube.com/watch?v=FyR3FfjS6s","data:image/gif;base64,R0lGODlhAQABAIABAAAAAP///yH5BAEAAAEALAAAAAABAAEAQAICTAEAOw%3D%3D","https://skibidi-toilet.fandom.com/wiki/File:Skibidi_toilet_62","data:image/gif;base64,R0lGODlhAQABAIABAAAAAP///yH5BAEAAAEALAAAAAABAAEAQAICTAEAOw%3D%3D","[object Object]"
"https://skibidi-toilet.fandom.com/wiki/File:Skibidi_toilet_-_season_21_(all_episodes)","[object Object]","SEASON 21","https://skibidi-toilet.fandom.com/wiki/Season_21","","","","","","data:image/gif;base64,R0lGODlhAQABAIABAAAAAP///yH5BAEAAAEALAAAAAABAAEAQAICTAEAOw%3D%3D","","",""
"https://skibidi-toilet.fandom.com/wiki/File:Skibidi_toilet_63_(part_1)","[object Object]","skibidi toilet 63","https://skibidi-toilet.fandom.com/wiki/Skibidi_toilet_63","Sep 22 2023 06:45 / Sep 23 2023 14:07","0:48","1:55","uzowytEk7UY","https://www.youtube.com/watch?v=uz0WytEk7UY","data:image/gif;base64,R0lGODlhAQABAIABAAAAAP///yH5BAEAAAEALAAAAAABAAEAQAICTAEAOw%3D%3D","https://skibidi-toilet.fandom.com/wiki/File:Skibidi_toilet_63","data:image/gif;base64,R0lGODlhAQABAIABAAAAAP///yH5BAEAAAEALAAAAAABAAEAQAICTAEAOw%3D%3D","[object Object]"
"https://skibidi-toilet.fandom.com/wiki/File:Skibidi_toilet_63_(part_2)","[object Object]","1:00","","","","","","","data:image/gif;base64,R0lGODlhAQABAIABAAAAAP///yH5BAEAAAEALAAAAAABAAEAQAICTAEAOw%3D%3D","","",""
"https://skibidi-toilet.fandom.com/wiki/File:Skibidi_toilet_64_(shorts)","[object Object]","skibidi toilet 64","https://skibidi-toilet.fandom.com/wiki/Skibidi_toilet_64","Sep 29 2023","1:00","1:16","gnzJFx2vDBY","https://www.youtube.com/watch?v=gnzJFx2vDBY","data:image/gif;base64,R0lGODlhAQABAIABAAAAAP///yH5BAEAAAEALAAAAAABAAEAQAICTAEAOw%3D%3D","https://skibidi-toilet.fandom.com/wiki/File:Skibidi_toilet_64","data:image/gif;base64,R0lGODlhAQABAIABAAAAAP///yH5BAEAAAEALAAAAAABAAEAQAICTAEAOw%3D%3D","[object Object]"
"https://skibidi-toilet.fandom.com/wiki/File:Skibidi_toilet_65_(part_1)","[object Object]","skibidi toilet 65","https://skibidi-toilet.fandom.com/wiki/Skibidi_toilet_65","Oct 08 2023 / Oct 07 2023 17:21","0:57","2:22","fpk6itC2Pq0","https://www.youtube.com/watch?v=fpk6itC2Pq0","data:image/gif;base64,R0lGODlhAQABAIABAAAAAP///yH5BAEAAAEALAAAAAABAAEAQAICTAEAOw%3D%3D","https://skibidi-toilet.fandom.com/wiki/File:Skibidi_toilet_65","data:image/gif;base64,R0lGODlhAQABAIABAAAAAP///yH5BAEAAAEALAAAAAABAAEAQAICTAEAOw%3D%3D","[object Object]"
"https://skibidi-toilet.fandom.com/wiki/File:Skibidi_toilet_65_(part_2)","[object Object]","1:00","","","","","","","data:image/gif;base64,R0lGODlhAQABAIABAAAAAP///yH5BAEAAAEALAAAAAABAAEAQAICTAEAOw%3D%3D","","",""
"https://skibidi-toilet.fandom.com/wiki/File:Skibidi_toilet_-_season_22_(all_episodes)","[object Object]","SEASON 22","https://skibidi-toilet.fandom.com/wiki/Season_22","","","","","","data:image/gif;base64,R0lGODlhAQABAIABAAAAAP///yH5BAEAAAEALAAAAAABAAEAQAICTAEAOw%3D%3D","","",""
"https://skibidi-toilet.fandom.com/wiki/File:Skibidi_toilet_66_(part_1)","[object Object]","skibidi toilet 66","https://skibidi-toilet.fandom.com/wiki/Skibidi_toilet_66","Oct 20 2023","1:00","3:05","-BXItmWzWNE","https://www.youtube.com/watch?v=-BXItmWzWNE","data:image/gif;base64,R0lGODlhAQABAIABAAAAAP///yH5BAEAAAEALAAAAAABAAEAQAICTAEAOw%3D%3D","https://skibidi-toilet.fandom.com/wiki/File:Skibidi_toilet_66","data:image/gif;base64,R0lGODlhAQABAIABAAAAAP///yH5BAEAAAEALAAAAAABAAEAQAICTAEAOw%3D%3D","[object Object]"
"https://skibidi-toilet.fandom.com/wiki/File:Skibidi_toilet_66_(part_2)","[object Object]","0:56","","","","","","","data:image/gif;base64,R0lGODlhAQABAIABAAAAAP///yH5BAEAAAEALAAAAAABAAEAQAICTAEAOw%3D%3D","","",""
"https://skibidi-toilet.fandom.com/wiki/File:Skibidi_toilet_66_(part_3)","[object Object]","1:00","","","","","","","data:image/gif;base64,R0lGODlhAQABAIABAAAAAP///yH5BAEAAAEALAAAAAABAAEAQAICTAEAOw%3D%3D","","",""
"https://skibidi-toilet.fandom.com/wiki/File:Skibidi_toilet_67_(full_episode)","[object Object]","skibidi toilet 67","https://skibidi-toilet.fandom.com/wiki/Skibidi_toilet_67","No shorts / Nov 22 2023","N/A","5:46","jjy0bIO-YNI","https://www.youtube.com/watch?v=jjy0bIO-YNI","data:image/gif;base64,R0lGODlhAQABAIABAAAAAP///yH5BAEAAAEALAAAAAABAAEAQAICTAEAOw%3D%3D","","",""
"https://skibidi-toilet.fandom.com/wiki/File:Skibidi_toilet_67_(part_1)_(shorts)","[object Object]","skibidi toilet 67 (part 1)","https://skibidi-toilet.fandom.com/wiki/Skibidi_toilet_67#Part_1","Oct 27 2023","1:00","1:50","0sp-iLOqScQ","https://www.youtube.com/watch?v=0sp-iLOqScQ","data:image/gif;base64,R0lGODlhAQABAIABAAAAAP///yH5BAEAAAEALAAAAAABAAEAQAICTAEAOw%3D%3D","https://skibidi-toilet.fandom.com/wiki/File:Skibidi_toilet_67_(part_1)","data:image/gif;base64,R0lGODlhAQABAIABAAAAAP///yH5BAEAAAEALAAAAAABAAEAQAICTAEAOw%3D%3D","[object Object]"
"https://skibidi-toilet.fandom.com/wiki/File:Skibidi_toilet_67_(part_2)_(shorts)","[object Object]","skibidi toilet 67 (part 2)","https://skibidi-toilet.fandom.com/wiki/Skibidi_toilet_67#Part_2","Nov 03 2023","1:00","1:22","w6jQh2UB2ug","https://www.youtube.com/watch?v=w6jQh2UB2ug","data:image/gif;base64,R0lGODlhAQABAIABAAAAAP///yH5BAEAAAEALAAAAAABAAEAQAICTAEAOw%3D%3D","https://skibidi-toilet.fandom.com/wiki/File:Skibidi_toilet_67_(part_2)","data:image/gif;base64,R0lGODlhAQABAIABAAAAAP///yH5BAEAAAEALAAAAAABAAEAQAICTAEAOw%3D%3D","[object Object]"
"https://skibidi-toilet.fandom.com/wiki/File:Skibidi_toilet_67_(part_3)_(shorts)","[object Object]","skibidi toilet 67 (part 3)","https://skibidi-toilet.fandom.com/wiki/Skibidi_toilet_67#Part_3","Nov 14 2023","0:47","2:08","vIgnPmmcSXs","https://www.youtube.com/watch?v=vIgnPmmcSXs","data:image/gif;base64,R0lGODlhAQABAIABAAAAAP///yH5BAEAAAEALAAAAAABAAEAQAICTAEAOw%3D%3D","https://skibidi-toilet.fandom.com/wiki/File:Skibidi_toilet_67_(part_3)","data:image/gif;base64,R0lGODlhAQABAIABAAAAAP///yH5BAEAAAEALAAAAAABAAEAQAICTAEAOw%3D%3D","[object Object]"
"https://skibidi-toilet.fandom.com/wiki/File:Skibidi_toilet_67_(part_4)_(shorts)","[object Object]","1:00","","","","","","","data:image/gif;base64,R0lGODlhAQABAIABAAAAAP///yH5BAEAAAEALAAAAAABAAEAQAICTAEAOw%3D%3D","","",""
"https://skibidi-toilet.fandom.com/wiki/File:Skibidi_toilet_67_(part_5)","[object Object]","skibidi toilet 67 (part 4)","https://skibidi-toilet.fandom.com/wiki/Skibidi_toilet_67#Part_4","Nov 21 2023","1:00","1:43","lgvl3Tib0fE","https://www.youtube.com/watch?v=lgvl3Tib0fE","data:image/gif;base64,R0lGODlhAQABAIABAAAAAP///yH5BAEAAAEALAAAAAABAAEAQAICTAEAOw%3D%3D","https://skibidi-toilet.fandom.com/wiki/File:Skibidi_toilet_67_(part_4)","data:image/gif;base64,R0lGODlhAQABAIABAAAAAP///yH5BAEAAAEALAAAAAABAAEAQAICTAEAOw%3D%3D","[object Object]"
"https://skibidi-toilet.fandom.com/wiki/File:Skibidi_toilet_68_(full_episode)","[object Object]","skibidi toilet 68","https://skibidi-toilet.fandom.com/wiki/Skibidi_toilet_68","Dec 14 2023","N/A","4:23","v7HFWmuf6SQ","https://www.youtube.com/watch?v=v7HFWmuf6SQ","data:image/gif;base64,R0lGODlhAQABAIABAAAAAP///yH5BAEAAAEALAAAAAABAAEAQAICTAEAOw%3D%3D","","",""
"https://skibidi-toilet.fandom.com/wiki/File:Skibidi_toilet_68_(part_1)_(shorts)","[object Object]","skibidi toilet 68 (part 1)","https://skibidi-toilet.fandom.com/wiki/Skibidi_toilet_68#Part_1","Dec 02 2023","0:59","1:58","IiFSGjWXq0c","https://www.youtube.com/watch?v=IiFSGjWXq0c","data:image/gif;base64,R0lGODlhAQABAIABAAAAAP///yH5BAEAAAEALAAAAAABAAEAQAICTAEAOw%3D%3D","https://skibidi-toilet.fandom.com/wiki/File:Skibidi_toilet_68_(part_1)","data:image/gif;base64,R0lGODlhAQABAIABAAAAAP///yH5BAEAAAEALAAAAAABAAEAQAICTAEAOw%3D%3D","[object Object]"
"https://skibidi-toilet.fandom.com/wiki/File:Skibidi_toilet_68_(part_2)_(shorts)","[object Object]","0:59","","","","","","","data:image/gif;base64,R0lGODlhAQABAIABAAAAAP///yH5BAEAAAEALAAAAAABAAEAQAICTAEAOw%3D%3D","","",""
"https://skibidi-toilet.fandom.com/wiki/File:Skibidi_toilet_68_(part_3)","[object Object]","skibidi toilet 68 (part 2)","https://skibidi-toilet.fandom.com/wiki/Skibidi_toilet_68#Part_2","Dec 13 2023","1:00","2:39","Rej1_LcVE3o","https://www.youtube.com/watch?v=Rej1_LcVE3o","data:image/gif;base64,R0lGODlhAQABAIABAAAAAP///yH5BAEAAAEALAAAAAABAAEAQAICTAEAOw%3D%3D","https://skibidi-toilet.fandom.com/wiki/File:Skibidi_toilet_68_(part_2)","data:image/gif;base64,R0lGODlhAQABAIABAAAAAP///yH5BAEAAAEALAAAAAABAAEAQAICTAEAOw%3D%3D","[object Object]"
"","","SEASON 23","https://skibidi-toilet.fandom.com/wiki/Season_23","","","","","","","","",""
"https://skibidi-toilet.fandom.com/wiki/File:Skibidi_toilet_69_(full_episode)","[object Object]","skibidi toilet 69:","https://skibidi-toilet.fandom.com/wiki/Skibidi_toilet_69","Jan 02 2024","N/A","4:16","wGc0jClpTPQ","https://www.youtube.com/watch?v=wGc0jClpTPQ","data:image/gif;base64,R0lGODlhAQABAIABAAAAAP///yH5BAEAAAEALAAAAAABAAEAQAICTAEAOw%3D%3D","","",""
"https://skibidi-toilet.fandom.com/wiki/File:Skibidi_toilet_69_(part_1)_(shorts)","[object Object]","skibidi toilet 69 (part 1)","https://skibidi-toilet.fandom.com/wiki/Skibidi_toilet_69#Part_1","Dec 23 2023","0:59","2:40","6aqpQDNT50g","https://www.youtube.com/watch?v=6aqpQDNT50g","data:image/gif;base64,R0lGODlhAQABAIABAAAAAP///yH5BAEAAAEALAAAAAABAAEAQAICTAEAOw%3D%3D","https://skibidi-toilet.fandom.com/wiki/File:Skibidi_toilet_69_(part_1)","data:image/gif;base64,R0lGODlhAQABAIABAAAAAP///yH5BAEAAAEALAAAAAABAAEAQAICTAEAOw%3D%3D","[object Object]"
"https://skibidi-toilet.fandom.com/wiki/File:Skibidi_toilet_69_(part_2)_(shorts)","[object Object]","1:00","","","","","","","data:image/gif;base64,R0lGODlhAQABAIABAAAAAP///yH5BAEAAAEALAAAAAABAAEAQAICTAEAOw%3D%3D","","",""
"https://skibidi-toilet.fandom.com/wiki/File:Skibidi_toilet_69_(part_3)","[object Object]","skibidi toilet 69 (part 2)","https://skibidi-toilet.fandom.com/wiki/Skibidi_toilet_69#Part_2","Dec 29 2023","1:00","1:16","K8nuz6z90cQ","https://www.youtube.com/watch?v=K8nuz6z90cQ","data:image/gif;base64,R0lGODlhAQABAIABAAAAAP///yH5BAEAAAEALAAAAAABAAEAQAICTAEAOw%3D%3D","https://skibidi-toilet.fandom.com/wiki/File:Skibidi_toilet_69_(part_2)","data:image/gif;base64,R0lGODlhAQABAIABAAAAAP///yH5BAEAAAEALAAAAAABAAEAQAICTAEAOw%3D%3D","[object Object]"
"https://skibidi-toilet.fandom.com/wiki/File:Skibidi_toilet_70_(full_episode)","[object Object]","skibidi toilet 70","https://skibidi-toilet.fandom.com/wiki/Skibidi_toilet_70","Feb 17 2024","N/A","13:39","PLUhJmqHd1s","https://www.youtube.com/watch?v=PLUhJmqHd1s","data:image/gif;base64,R0lGODlhAQABAIABAAAAAP///yH5BAEAAAEALAAAAAABAAEAQAICTAEAOw%3D%3D","","",""
"https://skibidi-toilet.fandom.com/wiki/File:Skibidi_toilet_70_(part_1)_(shorts)","[object Object]","skibidi toilet 70 (part 1)","https://skibidi-toilet.fandom.com/wiki/Skibidi_toilet_70#Part_1","Jan 16 2024","1;00","4:27","sXeCR7Vp6I4","https://www.youtube.com/watch?v=sXeCR7Vp6I4","data:image/gif;base64,R0lGODlhAQABAIABAAAAAP///yH5BAEAAAEALAAAAAABAAEAQAICTAEAOw%3D%3D","https://skibidi-toilet.fandom.com/wiki/File:Skibidi_toilet_70_(part_1)","data:image/gif;base64,R0lGODlhAQABAIABAAAAAP///yH5BAEAAAEALAAAAAABAAEAQAICTAEAOw%3D%3D","[object Object]"
"https://skibidi-toilet.fandom.com/wiki/File:Skibidi_toilet_70_(part_2)_(shorts)","[object Object]","1;00","","","","","","","data:image/gif;base64,R0lGODlhAQABAIABAAAAAP///yH5BAEAAAEALAAAAAABAAEAQAICTAEAOw%3D%3D","","",""
"https://skibidi-toilet.fandom.com/wiki/File:Skibidi_toilet_70_(part_3)_(shorts)","[object Object]","skibidi toilet 70 (part 2)","https://skibidi-toilet.fandom.com/wiki/Skibidi_toilet_70#Part_2","Jan 25 2024","1:00","3:55","tCQWgxnN-ys","https://www.youtube.com/watch?v=tCQWgxnN-ys","data:image/gif;base64,R0lGODlhAQABAIABAAAAAP///yH5BAEAAAEALAAAAAABAAEAQAICTAEAOw%3D%3D","https://skibidi-toilet.fandom.com/wiki/File:Skibidi_toilet_70_(part_2)","data:image/gif;base64,R0lGODlhAQABAIABAAAAAP///yH5BAEAAAEALAAAAAABAAEAQAICTAEAOw%3D%3D","[object Object]"
"https://skibidi-toilet.fandom.com/wiki/File:Skibidi_toilet_70_(part_4)","[object Object]","skibidi toilet 70 (part 3)","https://skibidi-toilet.fandom.com/wiki/Skibidi_toilet_70#Part_3","Feb 13 2024","1:00","6:03","QS01z1mkWYM","https://www.youtube.com/watch?v=QS01z1mkWYM","data:image/gif;base64,R0lGODlhAQABAIABAAAAAP///yH5BAEAAAEALAAAAAABAAEAQAICTAEAOw%3D%3D","https://skibidi-toilet.fandom.com/wiki/File:Skibidi_toilet_70_(part_3)-2","data:image/gif;base64,R0lGODlhAQABAIABAAAAAP///yH5BAEAAAEALAAAAAABAAEAQAICTAEAOw%3D%3D","[object Object]"
"https://skibidi-toilet.fandom.com/wiki/File:Skibidi_toilet_70_(part_5)","[object Object]","1:00","","","","","","","data:image/gif;base64,R0lGODlhAQABAIABAAAAAP///yH5BAEAAAEALAAAAAABAAEAQAICTAEAOw%3D%3D","","",""
"https://skibidi-toilet.fandom.com/wiki/File:Skibidi_toilet_71-3","[object Object]","skibidi toilet 71","https://skibidi-toilet.fandom.com/wiki/Skibidi_toilet_71","Feb 26 2024","1:00","2:22","aFvw_yu0N3A","https://www.youtube.com/watch?v=aFvw_yu0N3A","data:image/gif;base64,R0lGODlhAQABAIABAAAAAP///yH5BAEAAAEALAAAAAABAAEAQAICTAEAOw%3D%3D","https://skibidi-toilet.fandom.com/wiki/File:Skibidi_toilet_71-2","data:image/gif;base64,R0lGODlhAQABAIABAAAAAP///yH5BAEAAAEALAAAAAABAAEAQAICTAEAOw%3D%3D","[object Object]"
"","","SEASON 24","https://skibidi-toilet.fandom.com/wiki/Season_24","","","","","","","","",""
"https://skibidi-toilet.fandom.com/wiki/File:Skibidi_toilet_72_(full_episode)","[object Object]","skibidi toilet 72","https://skibidi-toilet.fandom.com/wiki/Skibidi_toilet_72","Apr 5 2024","N/A","7:28","d7DdLRe5QgM","https://www.youtube.com/watch?v=d7DdLRe5QgM","data:image/gif;base64,R0lGODlhAQABAIABAAAAAP///yH5BAEAAAEALAAAAAABAAEAQAICTAEAOw%3D%3D","","",""
"https://skibidi-toilet.fandom.com/wiki/File:Skibidi_toilet_72_(part_1)","[object Object]","skibidi toilet 72 (part 1)","https://skibidi-toilet.fandom.com/wiki/Skibidi_toilet_72#Part_1","Mar 21 2024","N/A","3:05","o_1YiaJSnjo","https://youtu.be/o_1YiaJSnjo","data:image/gif;base64,R0lGODlhAQABAIABAAAAAP///yH5BAEAAAEALAAAAAABAAEAQAICTAEAOw%3D%3D","","",""
"https://skibidi-toilet.fandom.com/wiki/File:Skibidi_toilet_72_(part_2)","[object Object]","skibidi toilet 72 (part 2)","https://skibidi-toilet.fandom.com/wiki/Skibidi_toilet_72#Part_2","Apr 1 2024","N/A","4:29","m7sp-FTeZWE","https://www.youtube.com/watch?v=m7sp-FTeZWE","data:image/gif;base64,R0lGODlhAQABAIABAAAAAP///yH5BAEAAAEALAAAAAABAAEAQAICTAEAOw%3D%3D","","",""
"https://skibidi-toilet.fandom.com/wiki/File:Skibidi_toilet_73_(full_episode)","[object Object]","skibidi toilet 73","https://skibidi-toilet.fandom.com/wiki/Skibidi_toilet_73","May 10, 2024","N/A","9:41","y_WGL8rVrz0","https://www.youtube.com/watch?v=y_WGL8rVrz0","data:image/gif;base64,R0lGODlhAQABAIABAAAAAP///yH5BAEAAAEALAAAAAABAAEAQAICTAEAOw%3D%3D","","",""
"https://skibidi-toilet.fandom.com/wiki/File:Skibidi_toilet_73_(part_1)","[object Object]","skibidi toilet 73 (Part 1)","https://skibidi-toilet.fandom.com/wiki/Skibidi_toilet_73#Part_1","Apr 20 2024","N/A","4:45","y_WGL8rVrz0","https://www.youtube.com/watch?v=y_WGL8rVrz0","data:image/gif;base64,R0lGODlhAQABAIABAAAAAP///yH5BAEAAAEALAAAAAABAAEAQAICTAEAOw%3D%3D","","",""
"https://skibidi-toilet.fandom.com/wiki/File:Skibidi_toilet_73_(part_2)","[object Object]","skibidi toilet 73 (Part 2)","https://skibidi-toilet.fandom.com/wiki/Skibidi_toilet_73#Part_2","May 3, 2024","N/A","4:15","LCEhBBk080I","https://www.youtube.com/watch?v=LCEhBBk080I","data:image/gif;base64,R0lGODlhAQABAIABAAAAAP///yH5BAEAAAEALAAAAAABAAEAQAICTAEAOw%3D%3D","","",""
"https://skibidi-toilet.fandom.com/wiki/File:Skibidi_toilet_74","[object Object]","skibidi toilet 74","https://skibidi-toilet.fandom.com/wiki/Skibidi_toilet_74","7:01","","N/A","W_hsGsd39Kg","https://www.youtube.com/watch?v=W_hsGsd39Kg","data:image/gif;base64,R0lGODlhAQABAIABAAAAAP///yH5BAEAAAEALAAAAAABAAEAQAICTAEAOw%3D%3D","","",""
"","","SEASON 25","https://skibidi-toilet.fandom.com/wiki/Season_25","","","","","","","","",""
"https://skibidi-toilet.fandom.com/wiki/File:Skibidi_toilet_75","[object Object]","skibidi toilet 75","https://skibidi-toilet.fandom.com/wiki/Skibidi_toilet_75","3:51","","N/A","A4ZbdU31KbQ","https://www.youtube.com/watch?v=A4ZbdU31KbQ","data:image/gif;base64,R0lGODlhAQABAIABAAAAAP///yH5BAEAAAEALAAAAAABAAEAQAICTAEAOw%3D%3D","","",""
"https://skibidi-toilet.fandom.com/wiki/File:Skibidi_toilet_76_(full_episode)","[object Object]","skibidi toilet 76","https://skibidi-toilet.fandom.com/wiki/Skibidi_toilet_76","Jul 20 2024","N/A","8:11","-74HbNnmf_s","https://www.youtube.com/watch?v=-74HbNnmf_s","data:image/gif;base64,R0lGODlhAQABAIABAAAAAP///yH5BAEAAAEALAAAAAABAAEAQAICTAEAOw%3D%3D","","",""
"https://skibidi-toilet.fandom.com/wiki/File:Skibidi_toilet_76_(part_1)","[object Object]","skibidi toilet 76 (Part 1)","https://skibidi-toilet.fandom.com/wiki/Skibidi_toilet_76#Part_1","Jul 6 2024","N/A","3:09","y_WGL8rVrz0","https://www.youtube.com/watch?v=y_WGL8rVrz0","data:image/gif;base64,R0lGODlhAQABAIABAAAAAP///yH5BAEAAAEALAAAAAABAAEAQAICTAEAOw%3D%3D","","",""
"https://skibidi-toilet.fandom.com/wiki/File:Skibidi_toilet_76_(part_2)","[object Object]","skibidi toilet 76 (Part 2)","https://skibidi-toilet.fandom.com/wiki/Skibidi_toilet_76","Jul 19 2024","N/A","4:28","Qn1UJssT-mU","https://www.youtube.com/watch?v=Qn1UJssT-mU","data:image/gif;base64,R0lGODlhAQABAIABAAAAAP///yH5BAEAAAEALAAAAAABAAEAQAICTAEAOw%3D%3D","","",""
"","","skibidi toilet 77","https://skibidi-toilet.fandom.com/wiki/Skibidi_toilet_77","TBA","N/A","TBA","","","","","",""
"https://skibidi-toilet.fandom.com/wiki/File:Skibidi_toilet_77_(part_1)","[object Object]","skibidi toilet 77 (Part 1)","https://skibidi-toilet.fandom.com/wiki/Skibidi_toilet_77#Part_1","Aug 11 2024","N/A","3:50","pL4iwC7DQzg","https://www.youtube.com/watch?v=pL4iwC7DQzg","data:image/gif;base64,R0lGODlhAQABAIABAAAAAP///yH5BAEAAAEALAAAAAABAAEAQAICTAEAOw%3D%3D","","",""
"https://skibidi-toilet.fandom.com/wiki/File:Skibidi_toilet_77_(part_2)","[object Object]","skibidi toilet 77 (Part 2):","https://skibidi-toilet.fandom.com/wiki/Skibidi_toilet_77","Aug 31 2024 17:00 UTC","N/A","3:15","x1HMTr0mp8U","https://www.youtube.com/watch?v=x1HMTr0mp8U","data:image/gif;base64,R0lGODlhAQABAIABAAAAAP///yH5BAEAAAEALAAAAAABAAEAQAICTAEAOw%3D%3D","","",""
"https://skibidi-toilet.fandom.com/wiki/File:Skibidi_toilet_77_(part_3)","[object Object]","skibidi toilet 77 (Part 3)","https://skibidi-toilet.fandom.com/wiki/Skibidi_toilet_77","Sep 22 2024 10:30 UTC","N/A","4:51","ZFgjmsYqJyw","https://www.youtube.com/watch?v=ZFgjmsYqJyw","data:image/gif;base64,R0lGODlhAQABAIABAAAAAP///yH5BAEAAAEALAAAAAABAAEAQAICTAEAOw%3D%3D","","",""
"https://skibidi-toilet.fandom.com/wiki/File:Skibidi_toilet_77_(part_4)","[object Object]","skibidi toilet 77 (Part 4)","https://skibidi-toilet.fandom.com/wiki/Skibidi_toilet_77","Oct 27 2024 21:35 UTC","N/A","5:19","UjRikc_ldIQ","https://www.youtube.com/watch?v=UjRikc_ldIQ","data:image/gif;base64,R0lGODlhAQABAIABAAAAAP///yH5BAEAAAEALAAAAAABAAEAQAICTAEAOw%3D%3D","","",""